#Vertex_X,Vertex_Y,Vertex_Z,Normal_X,Normal_Y,Normal_Z
-96.05999755859375,-86.83999633789062,0.0,0.9996870160102844,0.025015054270625114,0.0
-96.06500244140625,-86.63998413085938,0.0,0.9998363256454468,0.018090905621647835,0.0
-96.0672378540039,-86.4397964477539,0.0,0.999825656414032,-0.01867627166211605,0.0
-96.05757141113281,-86.24073028564453,0.0,0.9834252595901489,-0.18131399154663086,0.0
-95.99638366699219,-86.05366516113281,0.0,0.9010041952133179,-0.43381038308143616,0.0
-95.88646697998047,-85.8863754272461,0.0,0.7776035666465759,-0.6287548542022705,0.0
-95.74677276611328,-85.74476623535156,0.0,0.573539137840271,-0.8191781044006348,0.0
-95.5659408569336,-85.66195678710938,0.0,0.302944153547287,-0.953008234500885,0.0
-95.36968231201172,-85.625,0.0,0.09292926639318466,-0.9956727623939514,0.0
-95.16947937011719,-85.625,0.0,0.0055256616324186325,-0.9999847412109375,0.0
-94.96928405761719,-85.62278747558594,0.0,0.012461690232157707,-0.9999223351478577,0.0
-94.76911163330078,-85.62001037597656,0.0,0.006955319549888372,-0.9999757409095764,0.0
-94.56889343261719,-85.62000274658203,0.0,1.9052698917221278e-05,-1.0,0.0
-94.36869049072266,-85.62000274658203,0.0,0.0,-1.0,0.0
-94.16848754882812,-85.62000274658203,0.0,-1.9053426512982696e-05,-1.0,0.0
-93.96827697753906,-85.62001037597656,0.0,0.006230819039046764,-0.9999805688858032,0.0
-93.7680892944336,-85.61750793457031,0.0,0.014671807177364826,-0.9998922944068909,0.0
-93.56791687011719,-85.6141357421875,0.0,0.016767535358667374,-0.9998594522476196,0.0
-93.36773681640625,-85.61079406738281,0.0,0.010327334515750408,-0.999946653842926,0.0
-93.16753387451172,-85.61000061035156,0.0,0.004172822926193476,-0.9999913573265076,0.0
-92.96733093261719,-85.60912322998047,0.0,0.010517866350710392,-0.9999446868896484,0.0
-92.76715087890625,-85.60578918457031,0.0,0.010289308615028858,-0.9999470710754395,0.0
-92.56695556640625,-85.6050033569336,0.0,0.004211090505123138,-0.9999911189079285,0.0
-92.36676025390625,-85.6041030883789,0.0,0.010746235027909279,-0.9999422430992126,0.0
-92.16657257080078,-85.60070037841797,0.0,0.010250777937471867,-0.9999474883079529,0.0
-91.96636962890625,-85.5999984741211,0.0,0.0017529738834127784,-0.9999984502792358,0.0
-91.76616668701172,-85.5999984741211,0.0,0.0,-1.0,0.0
-91.56596374511719,-85.5999984741211,0.0,0.0,-1.0,0.0
-91.36575317382812,-85.5999984741211,0.0,0.0,-1.0,0.0
-91.16554260253906,-85.5999984741211,0.0,0.0,-1.0,0.0
-90.96533966064453,-85.5999984741211,0.0,0.0,-1.0,0.0
-90.76512908935547,-85.5999984741211,0.0,0.0,-1.0,0.0
-90.56492614746094,-85.5999984741211,0.0,0.0,-1.0,0.0
-90.36471557617188,-85.5999984741211,0.0,0.0,-1.0,0.0
-90.16451263427734,-85.5999984741211,0.0,0.0,-1.0,0.0
-89.96430206298828,-85.5999984741211,0.0,0.0,-1.0,0.0
-89.76409149169922,-85.5999984741211,0.0,0.0,-1.0,0.0
-89.56388854980469,-85.5999984741211,0.0,0.0,-1.0,0.0
-89.36367797851562,-85.5999984741211,0.0,0.0,-1.0,0.0
-89.16346740722656,-85.5999984741211,0.0,0.0,-1.0,0.0
-88.96327209472656,-85.5999984741211,0.0,0.003086845623329282,-0.9999951720237732,0.0
-88.76307678222656,-85.59876251220703,0.0,0.01974225603044033,-0.9998050332069397,0.0
-88.56298828125,-85.59209442138672,0.0,0.12675555050373077,-0.9919339418411255,0.0
-88.36921691894531,-85.548583984375,0.0,0.2781909704208374,-0.9605257511138916,0.0
-88.18164825439453,-85.48161315917969,0.0,0.4676841199398041,-0.8838956356048584,0.0
-88.01992797851562,-85.36360168457031,0.0,0.71183842420578,-0.702343225479126,0.0
-87.90428161621094,-85.20056915283203,0.0,0.8903675079345703,-0.4552423059940338,0.0
-87.84008026123047,-85.01210021972656,0.0,0.9748479723930359,-0.22287124395370483,0.0
-87.81593322753906,-84.8138427734375,0.0,0.9999750256538391,0.007055142428725958,0.0
-87.84273529052734,-84.61697387695312,0.0,0.9563673138618469,0.29216697812080383,0.0
-87.93106842041016,-84.43763732910156,0.0,0.843923807144165,0.5364631414413452,0.0
-88.05514526367188,-84.28256225585938,0.0,0.6813873648643494,0.73192298412323,0.0
-88.21846771240234,-84.17002868652344,0.0,0.43373915553092957,0.9010384678840637,0.0
-88.40839385986328,-84.11253356933594,0.0,0.20058779418468475,0.9796756505966187,0.0
-88.6072006225586,-84.09058380126953,0.0,0.06278115510940552,0.9980272650718689,0.0
-88.80712890625,-84.08744812011719,0.0,-0.0009995077271014452,0.9999995231628418,0.0
-89.00731658935547,-84.09098815917969,0.0,-0.017471980303525925,0.9998473525047302,0.0
-89.20748901367188,-84.09444427490234,0.0,-0.01711040921509266,0.9998536109924316,0.0
-89.40766906738281,-84.09783935546875,0.0,-0.017015162855386734,0.9998551607131958,0.0
-89.60784149169922,-84.10125732421875,0.0,-0.017148174345493317,0.9998530149459839,0.0
-89.80802917480469,-84.10470581054688,0.0,-0.01661449298262596,0.999862015247345,0.0
-90.00820922851562,-84.10791015625,0.0,-0.01531948521733284,0.9998826384544373,0.0
-90.20838928222656,-84.11083984375,0.0,-0.013394912704825401,0.9999101758003235,0.0
-90.40858459472656,-84.11327362060547,0.0,-0.010384315624833107,0.9999459981918335,0.0
-90.60877990722656,-84.11499786376953,0.0,-0.004306283313781023,0.9999907612800598,0.0
-90.8089828491211,-84.11499786376953,0.0,-0.0016767580527812243,0.9999985694885254,0.0
-91.00918579101562,-84.11566925048828,0.0,-0.007850144989788532,0.9999691843986511,0.0
-91.20938110351562,-84.1181411743164,0.0,-0.010822511278092861,0.9999414086341858,0.0
-91.40957641601562,-84.12000274658203,0.0,-0.004649239592254162,0.9999892115592957,0.0
-91.60978698730469,-84.12000274658203,0.0,0.0,1.0,0.0
-91.80998992919922,-84.12000274658203,0.0,0.0,1.0,0.0
-92.01020050048828,-84.12000274658203,0.0,0.0,1.0,0.0
-92.21040344238281,-84.12000274658203,0.0,1.9053426512982696e-05,1.0,0.0
-92.41061401367188,-84.1199951171875,0.0,-1.9054878066526726e-05,1.0,0.0
-92.6108169555664,-84.12001037597656,0.0,-1.9055605662288144e-05,1.0,0.0
-92.81103515625,-84.12000274658203,0.0,1.9052698917221278e-05,1.0,0.0
-93.01123809814453,-84.12000274658203,0.0,0.0,1.0,0.0
-93.21144104003906,-84.12000274658203,0.0,0.0,1.0,0.0
-93.41165161132812,-84.12000274658203,0.0,0.0,1.0,0.0
-93.61185455322266,-84.12000274658203,0.0,0.0,1.0,0.0
-93.81206512451172,-84.12000274658203,0.0,0.0,1.0,0.0
-94.01226806640625,-84.12000274658203,0.0,0.0,1.0,0.0
-94.21247863769531,-84.12000274658203,0.0,-0.0007812194526195526,0.9999997019767761,0.0
-94.41268157958984,-84.12031555175781,0.0,-0.006383288651704788,0.999979555606842,0.0
-94.61286926269531,-84.12255859375,0.0,-0.01122282911092043,0.9999369978904724,0.0
-94.81306457519531,-84.12480926513672,0.0,-0.011298822239041328,0.9999361634254456,0.0
-95.01325988769531,-84.12708282470703,0.0,-0.011355973780155182,0.9999354481697083,0.0
-95.21345520019531,-84.12935638427734,0.0,-0.007278528064489365,0.999973475933075,0.0
-95.41366577148438,-84.12999725341797,0.0,-0.0016004816861823201,0.9999986886978149,0.0
-95.6138687133789,-84.12999725341797,0.0,-0.0029724081978201866,0.9999955892562866,0.0
-95.81407165527344,-84.13118743896484,0.0,-0.00865041371434927,0.999962568283081,0.0
-96.01426696777344,-84.13346099853516,0.0,-0.009526973590254784,0.9999545812606812,0.0
-96.21446228027344,-84.13500213623047,0.0,-0.0038489997386932373,0.9999926090240479,0.0
-96.4146728515625,-84.13500213623047,0.0,-0.0007050030981190503,0.9999997615814209,0.0
-96.61487579345703,-84.13528442382812,0.0,-0.006307074334472418,0.9999800324440002,0.0
-96.8150634765625,-84.13752746582031,0.0,-0.01122282911092043,0.9999369978904724,0.0
-97.0152587890625,-84.13977813720703,0.0,-0.011279769241809845,0.9999362826347351,0.0
-97.2154541015625,-84.14204406738281,0.0,-0.011336924508213997,0.9999358057975769,0.0
-97.4156494140625,-84.14431762695312,0.0,-0.007373855449259281,0.9999727010726929,0.0
-97.61585235595703,-84.1449966430664,0.0,-0.0016958119813352823,0.9999985098838806,0.0
-97.81605529785156,-84.1449966430664,0.0,-0.0028770314529538155,0.9999958276748657,0.0
-98.01626586914062,-84.14614868164062,0.0,-0.008555256761610508,0.9999634027481079,0.0
-98.2164535522461,-84.14842224121094,0.0,-0.009641357697546482,0.9999535083770752,0.0
-98.41665649414062,-84.15000915527344,0.0,-0.003944115713238716,0.9999921321868896,0.0
-98.61685943603516,-84.1500015258789,0.0,-0.0005906551377847791,0.9999998211860657,0.0
-98.81707000732422,-84.1502456665039,0.0,-0.006230836268514395,0.9999805688858032,0.0
-99.01725769042969,-84.15249633789062,0.0,-0.011241883039474487,0.9999367594718933,0.0
-99.21745300292969,-84.15474700927734,0.0,-0.011298822239041328,0.9999361634254456,0.0
-99.41764831542969,-84.15702056884766,0.0,-0.011355973780155182,0.9999354481697083,0.0
-99.61784362792969,-84.15929412841797,0.0,-0.0074500697664916515,0.9999722838401794,0.0
-99.81804656982422,-84.16000366210938,0.0,-0.0017720276955515146,0.9999984502792358,0.0
-100.01824951171875,-84.16000366210938,0.0,-0.0028009270317852497,0.9999960064888,0.0
-100.21845245361328,-84.16112518310547,0.0,-0.008459671400487423,0.99996417760849,0.0
-100.41865539550781,-84.16339111328125,0.0,-0.009679184295237064,0.9999532103538513,0.0
-100.61885070800781,-84.16500091552734,0.0,-0.004020482301712036,0.9999919533729553,0.0
-100.81905364990234,-84.16500091552734,0.0,-0.0005525701562874019,0.9999998807907104,0.0
-101.01925659179688,-84.16522216796875,0.0,-0.006154430564492941,0.9999810457229614,0.0
-101.21945190429688,-84.16746520996094,0.0,-0.011222615838050842,0.9999369978904724,0.0
-101.41964721679688,-84.16971588134766,0.0,-0.011298822239041328,0.9999361634254456,0.0
-101.61984252929688,-84.17198944091797,0.0,-0.011355973780155182,0.9999354481697083,0.0
-101.82003784179688,-84.17426300048828,0.0,-0.0075262123718857765,0.9999716877937317,0.0
-102.02024841308594,-84.17500305175781,0.0,-0.0018481730949133635,0.9999983310699463,0.0
-102.22045135498047,-84.17500305175781,0.0,-0.0027057628612965345,0.9999963045120239,0.0
-102.42064666748047,-84.17608642578125,0.0,-0.008383776992559433,0.9999648332595825,0.0
-102.62084197998047,-84.17835998535156,0.0,-0.00977466069161892,0.9999521970748901,0.0
-102.82103729248047,-84.18000030517578,0.0,-0.004096695221960545,0.9999915361404419,0.0
-103.021240234375,-84.18000030517578,0.0,-0.00045726465759798884,0.9999999403953552,0.0
-103.2214584350586,-84.18018341064453,0.0,-0.006078394595533609,0.9999815821647644,0.0
-103.42164611816406,-84.18243408203125,0.0,-0.01122282911092043,0.9999369978904724,0.0
-103.62184143066406,-84.18467712402344,0.0,-0.011279769241809845,0.9999362826347351,0.0
-103.82203674316406,-84.18695068359375,0.0,-0.011375024914741516,0.9999352097511292,0.0
-104.02223205566406,-84.1892318725586,0.0,0.01159757375717163,0.9999327063560486,0.0
-104.22220611572266,-84.18231201171875,0.0,0.04629495367407799,0.9989278316497803,0.0
-104.42207336425781,-84.17070007324219,0.0,0.17175869643688202,0.985139012336731,0.0
-104.60926818847656,-84.11540985107422,0.0,0.38679105043411255,0.9221674203872681,0.0
-104.7842788696289,-84.01818084716797,0.0,0.6173460483551025,0.7866917848587036,0.0
-104.92010498046875,-83.87155151367188,0.0,0.8023014664649963,0.5969191193580627,0.0
-105.01971435546875,-83.70237731933594,0.0,0.9238249063491821,0.38281533122062683,0.0
-105.06952667236328,-83.51013946533203,0.0,0.9923855662345886,0.12316995859146118,0.0
-105.06822204589844,-83.31171417236328,0.0,0.9886557459831238,-0.1501995474100113,0.0
-105.0103988647461,-83.12139892578125,0.0,0.9079769849777222,-0.4190199375152588,0.0
-104.90292358398438,-82.9536361694336,0.0,0.768313467502594,-0.6400737166404724,0.0
-104.75690460205078,-82.81723022460938,0.0,0.5827184915542603,-0.8126741051673889,0.0
-104.58148193359375,-82.72303771972656,0.0,0.35813578963279724,-0.9336695075035095,0.0
-104.38700103759766,-82.67549133300781,0.0,0.12081155925989151,-0.9926754832267761,0.0
-104.18685150146484,-82.67500305175781,0.0,0.0018295201007276773,-0.9999982714653015,0.0
-103.98664855957031,-82.67475891113281,0.0,0.007087969686836004,-0.9999749064445496,0.0
-103.78645324707031,-82.67216491699219,0.0,0.011889597401022911,-0.9999293684959412,0.0
-103.58626556396484,-82.66999816894531,0.0,0.005411554127931595,-0.99998539686203,0.0
-103.38605499267578,-82.66999816894531,0.0,0.0017720276955515146,-0.9999984502792358,0.0
-103.18585205078125,-82.6692886352539,0.0,0.008364536799490452,-0.9999650120735168,0.0
-102.98565673828125,-82.6666488647461,0.0,0.013127927668392658,-0.99991375207901,0.0
-102.78546905517578,-82.66403198242188,0.0,0.013013875111937523,-0.9999153017997742,0.0
-102.58528137207031,-82.66143798828125,0.0,0.010060629807412624,-0.9999494552612305,0.0
-102.38508605957031,-82.66000366210938,0.0,0.0035822484642267227,-0.999993622303009,0.0
-102.18487548828125,-82.66000366210938,0.0,0.0035822484642267227,-0.999993622303009,0.0
-101.98468017578125,-82.6585693359375,0.0,0.010079434141516685,-0.9999492764472961,0.0
-101.78448486328125,-82.65596771240234,0.0,0.005430208519101143,-0.9999852776527405,0.0
-101.58429718017578,-82.6563949584961,0.0,-0.00663085887208581,-0.9999780654907227,0.0
-101.38410186767578,-82.65862274169922,0.0,-0.009012419730424881,-0.9999593496322632,0.0
-101.18389892578125,-82.66000366210938,0.0,-0.0034487401135265827,-0.9999940395355225,0.0
-100.98370361328125,-82.66000366210938,0.0,0.0,-1.0,0.0
-100.78349304199219,-82.66000366210938,0.0,0.0,-1.0,0.0
-100.58328247070312,-82.66000366210938,0.0,0.0,-1.0,0.0
-100.3830795288086,-82.66000366210938,0.0,0.004172750283032656,-0.9999912977218628,0.0
-100.18287658691406,-82.65833282470703,0.0,0.009507781825959682,-0.9999547004699707,0.0
-99.98268127441406,-82.65619659423828,0.0,0.008326532319188118,-0.9999653100967407,0.0
-99.78247833251953,-82.65499877929688,0.0,0.002991461893543601,-0.9999955296516418,0.0
-99.582275390625,-82.65499877929688,0.0,0.0006097324658185244,-0.9999998211860657,0.0
-99.38207244873047,-82.65475463867188,0.0,0.00592560600489378,-0.9999824166297913,0.0
-99.18186950683594,-82.65262603759766,0.0,0.010631817393004894,-0.9999434351921082,0.0
-98.98167419433594,-82.65049743652344,0.0,0.010670328512787819,-0.9999430775642395,0.0
-98.78148651123047,-82.64835357666016,0.0,0.01074633002281189,-0.9999422430992126,0.0
-98.58128356933594,-82.64619445800781,0.0,0.008383597247302532,-0.9999648928642273,0.0
-98.38108825683594,-82.6449966430664,0.0,0.0029915757477283478,-0.9999955296516418,0.0
-98.18087768554688,-82.6449966430664,0.0,0.0005334956804290414,-0.9999998807907104,0.0
-97.98066711425781,-82.64478302001953,0.0,0.005830723326653242,-0.999983012676239,0.0
-97.78047943115234,-82.64266204833984,0.0,0.010613172315061092,-0.9999436736106873,0.0
-97.58028411865234,-82.64053344726562,0.0,0.006649848539382219,-0.9999778270721436,0.0
-97.38008117675781,-82.63999938964844,0.0,0.0013337868731468916,-0.9999991059303284,0.0
-97.17987060546875,-82.63999938964844,0.0,0.0022674265783280134,-0.9999974370002747,0.0
-96.97966766357422,-82.63909149169922,0.0,0.007583669386804104,-0.9999712705612183,0.0
-96.77947998046875,-82.636962890625,0.0,0.010651071555912495,-0.999943196773529,0.0
-96.57927703857422,-82.63482666015625,0.0,0.010707818903028965,-0.9999426007270813,0.0
-96.37907409667969,-82.63267517089844,0.0,0.010746126063168049,-0.9999422430992126,0.0
-96.17887878417969,-82.63052368164062,0.0,0.006707057822495699,-0.9999775886535645,0.0
-95.97868347167969,-82.62998962402344,0.0,0.001314784400165081,-0.9999991059303284,0.0
-95.77847290039062,-82.62999725341797,0.0,0.0021531046368181705,-0.999997615814209,0.0
-95.5782699584961,-82.6291275024414,0.0,0.007488403469324112,-0.9999719262123108,0.0
-95.37808227539062,-82.62699890136719,0.0,0.010308152996003628,-0.9999468922615051,0.0
-95.1778793334961,-82.625,0.0,0.004992001689970493,-0.9999875426292419,0.0
-94.97767639160156,-82.625,0.0,0.0,-1.0,0.0
-94.7774658203125,-82.625,0.0,0.003925214521586895,-0.9999923706054688,0.0
-94.5772705078125,-82.62342834472656,0.0,0.009240999817848206,-0.999957263469696,0.0
-94.37706756591797,-82.62129974365234,0.0,0.010669921524822712,-0.9999430775642395,0.0
-94.17687225341797,-82.61915588378906,0.0,0.01072727981954813,-0.9999424815177917,0.0
-93.97667694091797,-82.61700439453125,0.0,0.010384347289800644,-0.999946117401123,0.0
-93.77648162841797,-82.61499786376953,0.0,0.005011244211345911,-0.9999874234199524,0.0
-93.57627868652344,-82.61499786376953,0.0,0.0,-1.0,0.0
-93.37606811523438,-82.61499786376953,0.0,0.003829946042969823,-0.9999926686286926,0.0
-93.17587280273438,-82.61346435546875,0.0,0.009145734831690788,-0.9999581575393677,0.0
-92.97566986083984,-82.61133575439453,0.0,0.008650354109704494,-0.999962568283081,0.0
-92.77547454833984,-82.61000061035156,0.0,0.0033345480915158987,-0.9999944567680359,0.0
-92.57527160644531,-82.61000061035156,0.0,0.0002477039524819702,-1.0,0.0
-92.37506866455078,-82.60990142822266,0.0,0.005601686891168356,-0.9999843239784241,0.0
-92.17486572265625,-82.60775756835938,0.0,0.010650867596268654,-0.999943196773529,0.0
-91.97467041015625,-82.60563659667969,0.0,0.010651071555912495,-0.999943196773529,0.0
-91.77447509765625,-82.6034927368164,0.0,0.01074633002281189,-0.9999422430992126,0.0
-91.57427978515625,-82.60133361816406,0.0,0.008726765401661396,-0.9999620318412781,0.0
-91.37408447265625,-82.5999984741211,0.0,0.0033345480915158987,-0.9999944567680359,0.0
-91.17387390136719,-82.5999984741211,0.0,0.00017148083134088665,-1.0,0.0
-90.97366333007812,-82.59992980957031,0.0,0.00548756355419755,-0.999984860420227,0.0
-90.77346801757812,-82.5978012084961,0.0,0.01063202042132616,-0.9999434351921082,0.0
-90.57327270507812,-82.59567260742188,0.0,0.006992812268435955,-0.9999755024909973,0.0
-90.3730697631836,-82.59500122070312,0.0,0.0016767580527812243,-0.9999985694885254,0.0
-90.17286682128906,-82.59500122070312,0.0,0.0019243854330852628,-0.999998152256012,0.0
-89.97265625,-82.59423065185547,0.0,0.00724043371155858,-0.9999737739562988,0.0
-89.7724609375,-82.59210205078125,0.0,0.010651275515556335,-0.999943196773529,0.0
-89.57227325439453,-82.5899658203125,0.0,0.010708224028348923,-0.9999426007270813,0.0
-89.3720703125,-82.58781433105469,0.0,0.010746126063168049,-0.9999422430992126,0.0
-89.171875,-82.58566284179688,0.0,0.007030853070318699,-0.9999752640724182,0.0
-88.97166442871094,-82.58499908447266,0.0,0.0016576412599533796,-0.9999986886978149,0.0
-88.77146911621094,-82.58499908447266,0.0,0.01203018706291914,-0.9999276399612427,0.0
-88.57142639160156,-82.58018493652344,0.0,0.04702475294470787,-0.9988937973976135,0.0
-88.37171173095703,-82.56617736816406,0.0,0.2526455819606781,-0.9675588607788086,0.0
-88.19176483154297,-82.48128509521484,0.0,0.5259981751441956,-0.8504856824874878,0.0
-88.03509521484375,-82.3579330444336,0.0,0.7228154540061951,-0.6910410523414612,0.0
-87.92007446289062,-82.197509765625,0.0,0.8865751028060913,-0.4625846743583679,0.0
-87.85398864746094,-82.01055908203125,0.0,0.9758186340332031,-0.21858201920986176,0.0
-87.83399200439453,-81.81312561035156,0.0,0.9997321963310242,0.02314194105565548,0.0
-87.86300659179688,-81.61747741699219,0.0,0.9558199644088745,0.29395267367362976,0.0
-87.94931030273438,-81.43858337402344,0.0,0.8453396558761597,0.5342292189598083,0.0
-88.07483673095703,-81.28262329101562,0.0,0.6467518210411072,0.7627004981040955,0.0
-88.24813079833984,-81.18488311767578,0.0,0.47697383165359497,0.8789175152778625,0.0
-88.42562866210938,-81.09227752685547,0.0,0.2496717870235443,0.9683305621147156,0.0
-88.6252670288086,-81.0875244140625,0.0,0.018208123743534088,0.9998342394828796,0.0
-88.82545471191406,-81.08499908447266,0.0,0.0006099080201238394,0.9999997615814209,0.0
-89.02565002441406,-81.0872802734375,0.0,-0.011375024914741516,0.9999352097511292,0.0
-89.22584533691406,-81.08955383300781,0.0,-0.006783197168260813,0.9999769926071167,0.0
-89.4260482788086,-81.08999633789062,0.0,-0.0011051386827602983,0.9999993443489075,0.0
-89.62625885009766,-81.08999633789062,0.0,-0.0036011647898703814,0.9999935626983643,0.0
-89.82646179199219,-81.09143829345703,0.0,-0.009279148653149605,0.9999569654464722,0.0
-90.02665710449219,-81.09371185302734,0.0,-0.011375241912901402,0.9999352097511292,0.0
-90.22684478759766,-81.09599304199219,0.0,-0.011451447382569313,0.9999344348907471,0.0
-90.42704010009766,-81.09829711914062,0.0,-0.010003287345170975,0.9999498724937439,0.0
-90.62723541259766,-81.0999984741211,0.0,-0.004249122925102711,0.9999909996986389,0.0
-90.82744598388672,-81.0999984741211,0.0,-0.00034297467209398746,1.0,0.0
-91.02764892578125,-81.10013580322266,0.0,-0.0060400995425879955,0.9999817609786987,0.0
-91.22784423828125,-81.1024169921875,0.0,-0.01139407604932785,0.9999350309371948,0.0
-91.42803955078125,-81.10469818115234,0.0,-0.006459252908825874,0.9999791383743286,0.0
-91.62825012207031,-81.1050033569336,0.0,-0.0007621363620273769,0.9999996423721313,0.0
-91.82845306396484,-81.1050033569336,0.0,-0.003944117110222578,0.9999921917915344,0.0
-92.02865600585938,-81.10658264160156,0.0,-0.009622088633477688,0.9999537467956543,0.0
-92.22885131835938,-81.10885620117188,0.0,-0.011375241912901402,0.9999352097511292,0.0
-92.42903900146484,-81.11113739013672,0.0,-0.011432396247982979,0.9999346733093262,0.0
-92.62923431396484,-81.11343383789062,0.0,-0.009641139768064022,0.99995356798172,0.0
-92.82943725585938,-81.11499786376953,0.0,-0.0039060120470821857,0.9999924302101135,0.0
-93.0296401977539,-81.11499786376953,0.0,-0.0007050030981190503,0.9999997615814209,0.0
-93.22984313964844,-81.11528015136719,0.0,-0.006383068859577179,0.999979555606842,0.0
-93.43003845214844,-81.1175537109375,0.0,-0.011375024914741516,0.9999352097511292,0.0
-93.63023376464844,-81.11983489990234,0.0,-0.006116298958659172,0.9999812841415405,0.0
-93.8304443359375,-81.12000274658203,0.0,-0.0004191752814222127,0.9999999403953552,0.0
-94.03064727783203,-81.12000274658203,0.0,-0.00428706593811512,0.9999908208847046,0.0
-94.23085021972656,-81.12171936035156,0.0,-0.009965023025870323,0.9999504089355469,0.0
-94.43104553222656,-81.12399291992188,0.0,-0.01139407604932785,0.9999350309371948,0.0
-94.63124084472656,-81.12628173828125,0.0,-0.011451449245214462,0.9999344348907471,0.0
-94.83142852783203,-81.12857818603516,0.0,-0.00927936565130949,0.9999569654464722,0.0
-95.03163146972656,-81.12999725341797,0.0,-0.0035440053325146437,0.9999937415122986,0.0
-95.2318344116211,-81.12999725341797,0.0,-0.0010479766642674804,0.9999995231628418,0.0
-95.43203735351562,-81.13041687011719,0.0,-0.006726034916937351,0.9999773502349854,0.0
-95.63223266601562,-81.1326904296875,0.0,-0.01139407604932785,0.9999350309371948,0.0
-95.83242797851562,-81.13497924804688,0.0,-0.005773342214524746,0.9999833106994629,0.0
-96.03263854980469,-81.13500213623047,0.0,-5.716027590096928e-05,1.0,0.0
-96.23284912109375,-81.13500213623047,0.0,-0.004611133597791195,0.9999893307685852,0.0
-96.43304443359375,-81.13684844970703,0.0,-0.010308130644261837,0.9999468922615051,0.0
-96.63323974609375,-81.13912963867188,0.0,-0.01141334604471922,0.9999349117279053,0.0
-96.83342742919922,-81.14141845703125,0.0,-0.011470498517155647,0.999934196472168,0.0
-97.03362274169922,-81.14372253417969,0.0,-0.008936201222240925,0.9999601244926453,0.0
-97.23382568359375,-81.1449966430664,0.0,-0.003181995125487447,0.9999949336051941,0.0
-97.43402862548828,-81.1449966430664,0.0,-0.0013909491244703531,0.9999990463256836,0.0
-97.63423156738281,-81.14555358886719,0.0,-0.0070690009742975235,0.9999750256538391,0.0
-97.83442687988281,-81.1478271484375,0.0,-0.011108306236565113,0.9999383091926575,0.0
-98.03462219238281,-81.1500015258789,0.0,-0.005430399440228939,0.9999852776527405,0.0
-98.23483276367188,-81.1500015258789,0.0,0.0,1.0,0.0
-98.43504333496094,-81.1500015258789,0.0,-0.004973138682544231,0.9999876022338867,0.0
-98.63523864746094,-81.15199279785156,0.0,-0.010651066899299622,0.9999432563781738,0.0
-98.83543395996094,-81.15426635742188,0.0,-0.01141312811523676,0.9999348521232605,0.0
-99.03562927246094,-81.15656280517578,0.0,-0.011470499448478222,0.999934196472168,0.0
-99.2358169555664,-81.15885925292969,0.0,-0.008593471720814705,0.9999631643295288,0.0
-99.43601989746094,-81.16000366210938,0.0,-0.0028580876532942057,0.9999959468841553,0.0
-99.63623046875,-81.16000366210938,0.0,-0.001753040705807507,0.9999984502792358,0.0
-99.83642578125,-81.16070556640625,0.0,-0.007431083358824253,0.9999724626541138,0.0
-100.03662109375,-81.16297912597656,0.0,-0.010727275162935257,0.999942421913147,0.0
-100.23681640625,-81.16500091552734,0.0,-0.005049349740147591,0.9999872446060181,0.0
-100.43702697753906,-81.16500091552734,0.0,0.0,1.0,0.0
-100.63723754882812,-81.16500091552734,0.0,-0.005316085647791624,0.999985933303833,0.0
-100.83743286132812,-81.16712951660156,0.0,-0.010993998497724533,0.9999396204948425,0.0
-101.03762817382812,-81.16940307617188,0.0,-0.011413346976041794,0.9999348521232605,0.0
-101.2378158569336,-81.17169952392578,0.0,-0.011489550583064556,0.9999339580535889,0.0
-101.4380111694336,-81.17400360107422,0.0,-0.008250298909842968,0.999966025352478,0.0
-101.63821411132812,-81.17500305175781,0.0,-0.002496070694178343,0.9999968409538269,0.0
-101.83841705322266,-81.17500305175781,0.0,-0.002076889155432582,0.9999979138374329,0.0
-102.03861999511719,-81.17583465576172,0.0,-0.007773974444717169,0.9999698400497437,0.0
-102.23881530761719,-81.17811584472656,0.0,-0.010403390042483807,0.999945878982544,0.0
-102.43901062011719,-81.18000030517578,0.0,-0.004706398583948612,0.999988853931427,0.0
-102.63922119140625,-81.18000030517578,0.0,0.0,1.0,0.0
-102.83942413330078,-81.18000030517578,0.0,-0.0056588114239275455,0.9999839663505554,0.0
-103.03962707519531,-81.18226623535156,0.0,-0.011336926370859146,0.9999358057975769,0.0
-103.23981475830078,-81.18453979492188,0.0,-0.011432396247982979,0.9999346733093262,0.0
-103.44001007080078,-81.18684387207031,0.0,-0.011489550583064556,0.9999339580535889,0.0
-103.64019775390625,-81.18914031982422,0.0,-0.007888508960604668,0.9999688863754272,0.0
-103.84040069580078,-81.19000244140625,0.0,-0.0021531039383262396,0.999997615814209,0.0
-104.04061126708984,-81.19000244140625,0.0,0.019668659195303917,0.9998066425323486,0.0
-104.2404556274414,-81.18213653564453,0.0,0.06545503437519073,0.9978554844856262,0.0
-104.4398193359375,-81.16381072998047,0.0,0.15084686875343323,0.9885571002960205,0.0
-104.63121032714844,-81.1227798461914,0.0,0.387023389339447,0.9220698475837708,0.0
-104.79828643798828,-81.012451171875,0.0,0.6334513425827026,0.7737824320793152,0.0
-104.93791198730469,-80.87198638916016,0.0,0.7921846508979797,0.6102815270423889,0.0
-105.037109375,-80.70285034179688,0.0,0.9266063570976257,0.3760327696800232,0.0
-105.08475494384766,-80.50865173339844,0.0,0.9948586821556091,0.10127294063568115,0.0
-105.07720947265625,-80.30859375,0.0,0.9856293201446533,-0.1689220517873764,0.0
-105.0185546875,-80.12016296386719,0.0,0.9056647419929504,-0.4239947199821472,0.0
-104.91160583496094,-79.95474243164062,0.0,0.7624253630638123,-0.6470761895179749,0.0
-104.76434326171875,-79.8210220336914,0.0,0.5784056782722473,-0.8157492280006409,0.0
-104.58930206298828,-79.72623443603516,0.0,0.3316585421562195,-0.9433994293212891,0.0
-104.392333984375,-79.6904296875,0.0,0.11579251289367676,-0.9932734966278076,0.0
-104.19306182861328,-79.68000030517578,0.0,0.02616090327501297,-0.9996576905250549,0.0
-103.99285888671875,-79.67999267578125,0.0,-1.905270073621068e-05,-1.0,0.0
-103.79264831542969,-79.68000793457031,0.0,-1.9053426512982696e-05,-1.0,0.0
-103.59243774414062,-79.68000030517578,0.0,0.00323927728459239,-0.9999946355819702,0.0
-103.39224243164062,-79.6787109375,0.0,0.00847908016294241,-0.9999639987945557,0.0
-103.19204711914062,-79.67660522460938,0.0,0.010536560788750648,-0.9999445080757141,0.0
-102.9918441772461,-79.67449188232422,0.0,0.01053676102310419,-0.9999443888664246,0.0
-102.79165649414062,-79.6723861694336,0.0,0.010517710819840431,-0.9999446868896484,0.0
-102.5914535522461,-79.67028045654297,0.0,0.005963665898889303,-0.9999822378158569,0.0
-102.3912353515625,-79.66999816894531,0.0,0.0007049493724480271,-0.9999997615814209,0.0
-102.1910400390625,-79.66999816894531,0.0,0.002610292751342058,-0.9999966025352478,0.0
-101.99082946777344,-79.66895294189453,0.0,0.007869567722082138,-0.9999690055847168,0.0
-101.7906494140625,-79.6668472290039,0.0,0.00986999087035656,-0.9999513030052185,0.0
-101.59043884277344,-79.66500091552734,0.0,0.004610782023519278,-0.99998939037323,0.0
-101.3902359008789,-79.66500091552734,0.0,0.0,-1.0,0.0
-101.19002532958984,-79.66500091552734,0.0,0.003811037400737405,-0.9999927282333374,0.0
-100.98983764648438,-79.6634750366211,0.0,0.009088524617254734,-0.9999586939811707,0.0
-100.78962707519531,-79.66136169433594,0.0,0.010517308488488197,-0.9999446868896484,0.0
-100.58943176269531,-79.65926361083984,0.0,0.010517710819840431,-0.9999446868896484,0.0
-100.38923645019531,-79.65715026855469,0.0,0.010555613785982132,-0.999944269657135,0.0
-100.18903350830078,-79.65503692626953,0.0,0.005373049061745405,-0.9999856352806091,0.0
-99.98883056640625,-79.65499877929688,0.0,9.527075599180534e-05,-1.0,0.0
-99.78861999511719,-79.65499877929688,0.0,0.003201048355549574,-0.9999949336051941,0.0
-99.58841705322266,-79.65371704101562,0.0,0.008459905162453651,-0.9999642372131348,0.0
-99.38822174072266,-79.651611328125,0.0,0.009279312565922737,-0.9999569654464722,0.0
-99.18802642822266,-79.6500015258789,0.0,0.004020482301712036,-0.9999919533729553,0.0
-98.9878158569336,-79.6500015258789,0.0,0.0,-1.0,0.0
-98.78761291503906,-79.6500015258789,0.0,0.004401549231261015,-0.9999903440475464,0.0
-98.58741760253906,-79.64823913574219,0.0,0.009679417125880718,-0.9999531507492065,0.0
-98.38722229003906,-79.64612579345703,0.0,0.010536563582718372,-0.9999445080757141,0.0
-98.18701934814453,-79.6440200805664,0.0,0.010517311282455921,-0.9999446868896484,0.0
-97.98681640625,-79.64191436767578,0.0,0.010041211731731892,-0.9999496340751648,0.0
-97.78662109375,-79.63999938964844,0.0,0.004782610107213259,-0.9999885559082031,0.0
-97.58641052246094,-79.63999938964844,0.0,0.0,-1.0,0.0
-97.3862075805664,-79.63999938964844,0.0,0.0037915499415248632,-0.9999927878379822,0.0
-97.18599700927734,-79.63848114013672,0.0,0.009031536057591438,-0.9999592304229736,0.0
-96.98580932617188,-79.63638305664062,0.0,0.008688868023455143,-0.9999622702598572,0.0
-96.78561401367188,-79.63500213623047,0.0,0.0034488714300096035,-0.9999940395355225,0.0
-96.58540344238281,-79.63500213623047,0.0,0.0,-1.0,0.0
-96.38519287109375,-79.63500213623047,0.0,0.004992191214114428,-0.9999875426292419,0.0
-96.18499755859375,-79.63300323486328,0.0,0.010269833728671074,-0.9999472498893738,0.0
-95.98479461669922,-79.63088989257812,0.0,0.010536560788750648,-0.9999445080757141,0.0
-95.78459930419922,-79.6287841796875,0.0,0.010517710819840431,-0.9999446868896484,0.0
-95.58440399169922,-79.62667846679688,0.0,0.00945062655955553,-0.9999553561210632,0.0
-95.38420104980469,-79.625,0.0,0.0041918023489415646,-0.9999911785125732,0.0
-95.18399810791016,-79.625,0.0,0.0,-1.0,0.0
-94.9837875366211,-79.625,0.0,0.004382495768368244,-0.9999904036521912,0.0
-94.7835922241211,-79.62324523925781,0.0,0.009641112759709358,-0.9999535083770752,0.0
-94.58338928222656,-79.62113952636719,0.0,0.00807875581085682,-0.9999673962593079,0.0
-94.38319396972656,-79.62001037597656,0.0,0.002839141758158803,-0.9999959468841553,0.0
-94.1829833984375,-79.62000274658203,0.0,0.0003239198122173548,-1.0,0.0
-93.98278045654297,-79.61988067626953,0.0,0.005601693410426378,-0.9999842643737793,0.0
-93.78257751464844,-79.61775970458984,0.0,0.010555611923336983,-0.9999443292617798,0.0
-93.58238220214844,-79.61565399169922,0.0,0.010517710819840431,-0.9999446868896484,0.0
-93.38218688964844,-79.6135482788086,0.0,0.010517509654164314,-0.9999446868896484,0.0
-93.1819839477539,-79.61144256591797,0.0,0.008859947323799133,-0.9999607801437378,0.0
-92.9817886352539,-79.61000061035156,0.0,0.003601302159950137,-0.9999935626983643,0.0
-92.78157806396484,-79.61000061035156,0.0,0.0,-1.0,0.0
-92.58137512207031,-79.61000061035156,0.0,0.004953897092491388,-0.9999877214431763,0.0
-92.38117218017578,-79.60801696777344,0.0,0.010212891735136509,-0.9999478459358215,0.0
-92.18098449707031,-79.60591125488281,0.0,0.007526423782110214,-0.9999716877937317,0.0
-91.98077392578125,-79.6050033569336,0.0,0.002267340198159218,-0.9999974370002747,0.0
-91.78057098388672,-79.6050033569336,0.0,0.0009145633084699512,-0.9999995231628418,0.0
-91.58036041259766,-79.6046371459961,0.0,0.0061734761111438274,-0.9999809265136719,0.0
-91.38016510009766,-79.60253143310547,0.0,0.01053676288574934,-0.9999445080757141,0.0
-91.17996978759766,-79.60041809082031,0.0,0.010536563582718372,-0.9999445080757141,0.0
-90.97976684570312,-79.59831237792969,0.0,0.010517509654164314,-0.9999446868896484,0.0
-90.77957153320312,-79.59620666503906,0.0,0.00826937798410654,-0.9999657869338989,0.0
-90.5793685913086,-79.59500122070312,0.0,0.003010515123605728,-0.9999954700469971,0.0
-90.37916564941406,-79.59500122070312,0.0,0.00028580139041878283,-1.0,0.0
-90.178955078125,-79.59488677978516,0.0,0.005563777405768633,-0.9999845027923584,0.0
-89.978759765625,-79.5927734375,0.0,0.01053676288574934,-0.9999445080757141,0.0
-89.778564453125,-79.59066772460938,0.0,0.006935655605047941,-0.9999759793281555,0.0
-89.57836151123047,-79.58999633789062,0.0,0.0016767580527812243,-0.9999985694885254,0.0
-89.3781509399414,-79.58999633789062,0.0,0.0014862188836559653,-0.999998927116394,0.0
-89.17794799804688,-79.58940124511719,0.0,0.006764172110706568,-0.9999770522117615,0.0
-88.97775268554688,-79.58728790283203,0.0,0.01053636148571968,-0.9999443888664246,0.0
-88.77754211425781,-79.5851821899414,0.0,0.0382240004837513,-0.9992691874504089,0.0
-88.57781219482422,-79.57199096679688,0.0,0.06858005374670029,-0.9976456165313721,0.0
-88.37810516357422,-79.55772399902344,0.0,0.2680121660232544,-0.9634155035018921,0.0
-88.20303344726562,-79.46849822998047,0.0,0.5163417458534241,-0.8563826680183411,0.0
-88.04086303710938,-79.35423278808594,0.0,0.7127543687820435,-0.7014138102531433,0.0
-87.92819213867188,-79.18875122070312,0.0,0.8965282440185547,-0.4429865777492523,0.0
-87.86619567871094,-79.00172424316406,0.0,0.9810660481452942,-0.1936735361814499,0.0
-87.85238647460938,-78.80399322509766,0.0,0.9994394183158875,0.03348178789019585,0.0
-87.87944030761719,-78.6073226928711,0.0,0.9618706107139587,0.2735050618648529,0.0
-87.96057891845703,-78.4243392944336,0.0,0.8412893414497375,0.540584921836853,0.0
-88.09333038330078,-78.27446746826172,0.0,0.6420313715934753,0.7666782736778259,0.0
-88.2627182006836,-78.17098999023438,0.0,0.40495479106903076,0.9143367409706116,0.0
-88.45233154296875,-78.11534118652344,0.0,0.20487231016159058,0.9787886142730713,0.0
-88.6505126953125,-78.08999633789062,0.0,0.06355556100606918,0.9979783296585083,0.0
-88.85072326660156,-78.08999633789062,0.0,-0.000590655894484371,0.9999998211860657,0.0
-89.05093383789062,-78.0902328491211,0.0,-0.006364204455167055,0.9999797940254211,0.0
-89.2511215209961,-78.09254455566406,0.0,-0.01150860358029604,0.9999337196350098,0.0
-89.4513168334961,-78.09484100341797,0.0,-0.01148955151438713,0.9999339580535889,0.0
-89.65150451660156,-78.0971450805664,0.0,-0.011489334516227245,0.9999340772628784,0.0
-89.8517074584961,-78.09944152832031,0.0,-0.007125937845557928,0.9999746084213257,0.0
-90.05191040039062,-78.0999984741211,0.0,-0.0013909491244703531,0.9999990463256836,0.0
-90.25212097167969,-78.0999984741211,0.0,-0.0032202245201915503,0.9999948143959045,0.0
-90.45231628417969,-78.10128784179688,0.0,-0.008974648080766201,0.9999597072601318,0.0
-90.65250396728516,-78.10359191894531,0.0,-0.009298417717218399,0.9999567270278931,0.0
-90.85270690917969,-78.10501098632812,0.0,-0.0035249509382992983,0.9999937415122986,0.0
-91.05290985107422,-78.1050033569336,0.0,-0.0012194629525765777,0.9999992251396179,0.0
-91.25311279296875,-78.10549926757812,0.0,-0.0069927796721458435,0.9999756217002869,0.0
-91.45330810546875,-78.10780334472656,0.0,-0.011470281518995762,0.999934196472168,0.0
-91.65350341796875,-78.11009216308594,0.0,-0.011470500379800797,0.999934196472168,0.0
-91.85369110107422,-78.11239624023438,0.0,-0.011508602648973465,0.9999337196350098,0.0
-92.05388641357422,-78.11470031738281,0.0,-0.006497385445982218,0.9999789595603943,0.0
-92.25408935546875,-78.11499786376953,0.0,-0.0007431111880578101,0.9999996423721313,0.0
-92.45429992675781,-78.11499786376953,0.0,-0.0038679062854498625,0.9999925494194031,0.0
-92.65450286865234,-78.11654663085938,0.0,-0.009622305631637573,0.9999537467956543,0.0
-92.85469055175781,-78.11885070800781,0.0,-0.008650519885122776,0.999962568283081,0.0
-93.05490112304688,-78.12001037597656,0.0,-0.0028770295903086662,0.9999958872795105,0.0
-93.25509643554688,-78.12000274658203,0.0,-0.0018482423620298505,0.9999982714653015,0.0
-93.4552993774414,-78.1207504272461,0.0,-0.007621763739734888,0.9999710321426392,0.0
-93.65548706054688,-78.12305450439453,0.0,-0.011489334516227245,0.9999340772628784,0.0
-93.8556900024414,-78.12535095214844,0.0,-0.011489334516227245,0.9999340772628784,0.0
-94.05587768554688,-78.12765502929688,0.0,-0.01148955151438713,0.9999339580535889,0.0
-94.25607299804688,-78.12995147705078,0.0,-0.0058495583944022655,0.9999828338623047,0.0
-94.4562759399414,-78.12999725341797,0.0,-0.00011432491010054946,1.0,0.0
-94.65648651123047,-78.12999725341797,0.0,-0.00449664331972599,0.999989926815033,0.0
-94.856689453125,-78.13179779052734,0.0,-0.010270069353282452,0.9999472498893738,0.0
-95.05687713623047,-78.13410949707031,0.0,-0.008002742193639278,0.9999679327011108,0.0
-95.25708770751953,-78.13500213623047,0.0,-0.002229234203696251,0.9999974966049194,0.0
-95.45729064941406,-78.13500213623047,0.0,-0.0025152198504656553,0.9999967813491821,0.0
-95.65748596191406,-78.1360092163086,0.0,-0.008250614628195763,0.9999659657478333,0.0
-95.85767364501953,-78.1383056640625,0.0,-0.011489332653582096,0.9999339580535889,0.0
-96.05787658691406,-78.14060974121094,0.0,-0.011489552445709705,0.9999340772628784,0.0
-96.258056640625,-78.14290618896484,0.0,-0.010956332087516785,0.9999399781227112,0.0
-96.458251953125,-78.1449966430664,0.0,-0.0052398755215108395,0.9999862313270569,0.0
-96.65846252441406,-78.14500427246094,0.0,-1.9053426512982696e-05,1.0,0.0
-96.85867309570312,-78.14500427246094,0.0,-0.0051255603320896626,0.9999868273735046,0.0
-97.05886840820312,-78.14705657958984,0.0,-0.01087968796491623,0.9999408721923828,0.0
-97.25906372070312,-78.14936065673828,0.0,-0.007354795932769775,0.999972939491272,0.0
-97.45926666259766,-78.1500015258789,0.0,-0.0016005425713956356,0.9999986886978149,0.0
-97.65946960449219,-78.1500015258789,0.0,-0.0031437689904123545,0.9999951124191284,0.0
-97.85968017578125,-78.15126037597656,0.0,-0.008898415602743626,0.9999604225158691,0.0
-98.05986022949219,-78.153564453125,0.0,-0.01150860358029604,0.9999337196350098,0.0
-98.26006317138672,-78.15586853027344,0.0,-0.011489332653582096,0.9999339580535889,0.0
-98.46025085449219,-78.15816497802734,0.0,-0.010327397845685482,0.9999467134475708,0.0
-98.66044616699219,-78.16000366210938,0.0,-0.004592080134898424,0.9999894499778748,0.0
-98.86064910888672,-78.16000366210938,0.0,-1.9053426512982696e-05,1.0,0.0
-99.06085968017578,-78.1600112915039,0.0,-0.005754288285970688,0.9999834299087524,0.0
-99.26105499267578,-78.16230773925781,0.0,-0.01150860358029604,0.9999337196350098,0.0
-99.46124267578125,-78.16461944580078,0.0,-0.006726210471242666,0.9999773502349854,0.0
-99.66145324707031,-78.16500091552734,0.0,-0.000952670001424849,0.9999995231628418,0.0
-99.86165618896484,-78.16500091552734,0.0,-0.0037916942965239286,0.9999927878379822,0.0
-100.06185913085938,-78.16651916503906,0.0,-0.009527045302093029,0.9999545812606812,0.0
-100.26204681396484,-78.16881561279297,0.0,-0.011470719240605831,0.999934196472168,0.0
-100.46223449707031,-78.17111206054688,0.0,-0.011489550583064556,0.9999339580535889,0.0
-100.66242980957031,-78.17341613769531,0.0,-0.009717497043311596,0.9999527931213379,0.0
-100.86262512207031,-78.17500305175781,0.0,-0.0039633214473724365,0.9999921321868896,0.0
-101.06283569335938,-78.17500305175781,0.0,-0.0006668948335573077,0.9999997615814209,0.0
-101.2630386352539,-78.1752700805664,0.0,-0.006401899736374617,0.9999794960021973,0.0
-101.46324157714844,-78.17756652832031,0.0,-0.011489334516227245,0.9999340772628784,0.0
-101.6634292602539,-78.17987060546875,0.0,-0.006078409496694803,0.9999815225601196,0.0
-101.86363983154297,-78.18000030517578,0.0,-0.00032390819978900254,1.0,0.0
-102.0638427734375,-78.18000030517578,0.0,-0.004420602228492498,0.9999902844429016,0.0
-102.2640380859375,-78.18177032470703,0.0,-0.010174759663641453,0.999948263168335,0.0
-102.4642333984375,-78.18407440185547,0.0,-0.011489332653582096,0.9999339580535889,0.0
-102.6644287109375,-78.18637084960938,0.0,-0.011489332653582096,0.9999339580535889,0.0
-102.8646240234375,-78.18867492675781,0.0,-0.009069694206118584,0.999958872795105,0.0
-103.0648193359375,-78.19000244140625,0.0,-0.0033154936973005533,0.9999943971633911,0.0
-103.26502990722656,-78.19000244140625,0.0,-0.0012956790160387754,0.9999991655349731,0.0
-103.4652328491211,-78.19052124023438,0.0,-0.007049940060824156,0.9999751448631287,0.0
-103.6654281616211,-78.19282531738281,0.0,-0.011184720322489738,0.9999374747276306,0.0
-103.86561584472656,-78.19499969482422,0.0,-0.005430607590824366,0.9999852776527405,0.0
-104.06582641601562,-78.19499969482422,0.0,0.0,1.0,0.0
-104.26602935791016,-78.19499969482422,0.0,0.0605507455766201,0.9981651306152344,0.0
-104.4645767211914,-78.17082214355469,0.0,0.17888173460960388,0.9838705658912659,0.0
-104.65594482421875,-78.1242904663086,0.0,0.38904595375061035,0.9212183952331543,0.0
-104.82550048828125,-78.01782989501953,0.0,0.6365999579429626,0.7711941599845886,0.0
-104.9620361328125,-77.87165069580078,0.0,0.8111940622329712,0.5847770571708679,0.0
-105.05632019042969,-77.69820404052734,0.0,0.9396356344223022,0.3421766459941864,0.0
-105.09565734863281,-77.50469970703125,0.0,0.9968098998069763,0.07981221377849579,0.0
-105.0875244140625,-77.30528259277344,0.0,0.987018883228302,-0.16060374677181244,0.0
-105.03299713134766,-77.1169662475586,0.0,0.9027817845344543,-0.43009889125823975,0.0
-104.91989135742188,-76.9542236328125,0.0,0.7461241483688354,-0.6658068299293518,0.0
-104.7696304321289,-76.8221664428711,0.0,0.5655315518379211,-0.8247266411781311,0.0
-104.59229278564453,-76.72958374023438,0.0,0.3124190866947174,-0.949944257736206,0.0
-104.39445495605469,-76.69880676269531,0.0,0.09127042442560196,-0.9958261847496033,0.0
-104.19456481933594,-76.693115234375,0.0,0.01960480771958828,-0.9998078346252441,0.0
-103.99436950683594,-76.69096374511719,0.0,0.007774087134748697,-0.9999697804450989,0.0
-103.79417419433594,-76.69000244140625,0.0,0.002400893485173583,-0.9999970197677612,0.0
-103.59394836425781,-76.69000244140625,0.0,0.0011051808251067996,-0.9999994039535522,0.0
-103.39375305175781,-76.68955993652344,0.0,0.006421247031539679,-0.9999793171882629,0.0
-103.19355773925781,-76.68743133544922,0.0,0.010631817393004894,-0.9999434351921082,0.0
-102.99335479736328,-76.685302734375,0.0,0.01068897359073162,-0.99994295835495,0.0
-102.79315948486328,-76.68315124511719,0.0,0.010746330954134464,-0.9999422430992126,0.0
-102.59296417236328,-76.68099975585938,0.0,0.0078693563118577,-0.9999690651893616,0.0
-102.39276885986328,-76.68000030517578,0.0,0.0024961656890809536,-0.9999969005584717,0.0
-102.19255828857422,-76.68000030517578,0.0,0.0010098684579133987,-0.999999463558197,0.0
-101.99235534667969,-76.67959594726562,0.0,0.006383093539625406,-0.999979555606842,0.0
-101.79216003417969,-76.67744445800781,0.0,0.01074653584510088,-0.9999422430992126,0.0
-101.59197235107422,-76.67529296875,0.0,0.006097492761909962,-0.9999814033508301,0.0
-101.39176940917969,-76.67500305175781,0.0,0.0007240571430884302,-0.9999997615814209,0.0
-101.19155883789062,-76.67500305175781,0.0,0.0027436628006398678,-0.9999963045120239,0.0
-100.99134826660156,-76.67390441894531,0.0,0.0080787418410182,-0.9999673962593079,0.0
-100.79115295410156,-76.67176818847656,0.0,0.010670124553143978,-0.9999430775642395,0.0
-100.59095764160156,-76.66963195800781,0.0,0.010708226822316647,-0.9999426007270813,0.0
-100.39076232910156,-76.66748046875,0.0,0.01074653584510088,-0.9999422430992126,0.0
-100.1905746459961,-76.66532897949219,0.0,0.006211752071976662,-0.9999806880950928,0.0
-99.9903564453125,-76.66499328613281,0.0,0.0008192629902623594,-0.9999995827674866,0.0
-99.7901611328125,-76.66500091552734,0.0,0.002667551627382636,-0.9999964237213135,0.0
-99.58995819091797,-76.66392517089844,0.0,0.008059792220592499,-0.9999675154685974,0.0
-99.38976287841797,-76.66177368164062,0.0,0.009793728590011597,-0.9999520182609558,0.0
-99.18956756591797,-76.66000366210938,0.0,0.004420602228492498,-0.9999902844429016,0.0
-98.98936462402344,-76.66000366210938,0.0,0.0,-1.0,0.0
-98.78915405273438,-76.66000366210938,0.0,0.004420265555381775,-0.9999902844429016,0.0
-98.58894348144531,-76.65823364257812,0.0,0.009736438281834126,-0.9999525547027588,0.0
-98.38875579833984,-76.6561050415039,0.0,0.010651275515556335,-0.999943196773529,0.0
-98.18856048583984,-76.65396881103516,0.0,0.01072748564183712,-0.9999424815177917,0.0
-97.98837280273438,-76.65180969238281,0.0,0.009908076375722885,-0.9999508857727051,0.0
-97.78816986083984,-76.6500015258789,0.0,0.004515696316957474,-0.9999898672103882,0.0
-97.58796691894531,-76.6500015258789,0.0,0.0,-1.0,0.0
-97.38775634765625,-76.6500015258789,0.0,0.004363441839814186,-0.9999904036521912,0.0
-97.18756103515625,-76.64825439453125,0.0,0.009755623526871204,-0.9999524354934692,0.0
-96.98736572265625,-76.6460952758789,0.0,0.00813610665500164,-0.9999669194221497,0.0
-96.78717041015625,-76.6449966430664,0.0,0.0027438716497272253,-0.9999963045120239,0.0
-96.58695983886719,-76.6449966430664,0.0,0.0007621363620273769,-0.9999996423721313,0.0
-96.38674926757812,-76.64469146728516,0.0,0.006078209728002548,-0.9999815821647644,0.0
-96.18655395507812,-76.64256286621094,0.0,0.010612969286739826,-0.9999436736106873,0.0
-95.98635864257812,-76.64044189453125,0.0,0.010670124553143978,-0.9999430775642395,0.0
-95.78616333007812,-76.63829040527344,0.0,0.010746330954134464,-0.9999422430992126,0.0
-95.58596801757812,-76.63613891601562,0.0,0.008212322369217873,-0.9999662637710571,0.0
-95.38577270507812,-76.63500213623047,0.0,0.002839142456650734,-0.9999959468841553,0.0
-95.18556213378906,-76.63500213623047,0.0,0.0006478407303802669,-0.9999998211860657,0.0
-94.98535919189453,-76.6347427368164,0.0,0.00604012468829751,-0.999981701374054,0.0
-94.78516387939453,-76.63258361816406,0.0,0.010784639976918697,-0.999941885471344,0.0
-94.58497619628906,-76.63042449951172,0.0,0.006459472700953484,-0.9999791383743286,0.0
-94.384765625,-76.62999725341797,0.0,0.0010669901967048645,-0.9999995231628418,0.0
-94.18455505371094,-76.62999725341797,0.0,0.002400893485173583,-0.9999970197677612,0.0
-93.98435974121094,-76.62903594970703,0.0,0.007716727443039417,-0.9999701976776123,0.0
-93.7841567993164,-76.62690734863281,0.0,0.010631817393004894,-0.9999434351921082,0.0
-93.5839614868164,-76.6247787475586,0.0,0.010708227753639221,-0.9999427199363708,0.0
-93.3837661743164,-76.62261962890625,0.0,0.010765587911009789,-0.9999421238899231,0.0
-93.18357849121094,-76.62046813964844,0.0,0.006535683758556843,-0.9999786019325256,0.0
-92.98336791992188,-76.62000274658203,0.0,0.0011622566962614655,-0.9999993443489075,0.0
-92.78316497802734,-76.62000274658203,0.0,0.002343641361221671,-0.9999972581863403,0.0
-92.58296203613281,-76.61906433105469,0.0,0.007716836407780647,-0.9999703168869019,0.0
-92.38276672363281,-76.61691284179688,0.0,0.010155723430216312,-0.9999485015869141,0.0
-92.18257141113281,-76.61499786376953,0.0,0.004782610107213259,-0.9999885559082031,0.0
-91.98236083984375,-76.61499786376953,0.0,0.0,-1.0,0.0
-91.78215789794922,-76.61499786376953,0.0,0.004058433696627617,-0.999991774559021,0.0
-91.58195495605469,-76.61337280273438,0.0,0.009374418295919895,-0.9999560713768005,0.0
-91.38175964355469,-76.61124420166016,0.0,0.010651071555912495,-0.999943196773529,0.0
-91.18156433105469,-76.6091079711914,0.0,0.01072727981954813,-0.9999424815177917,0.0
-90.98136901855469,-76.60694885253906,0.0,0.010231931693851948,-0.9999476671218872,0.0
-90.78117370605469,-76.60501098632812,0.0,0.004858823027461767,-0.9999881386756897,0.0
-90.58097076416016,-76.6050033569336,0.0,1.905415228975471e-05,-1.0,0.0
-90.3807601928711,-76.6050033569336,0.0,0.004020482301712036,-0.9999919533729553,0.0
-90.1805648803711,-76.6033935546875,0.0,0.009393828921020031,-0.9999558925628662,0.0
-89.98037719726562,-76.60124206542969,0.0,0.008479040116071701,-0.9999640583992004,0.0
-89.78016662597656,-76.5999984741211,0.0,0.0031056636944413185,-0.999995231628418,0.0
-89.57996368408203,-76.5999984741211,0.0,0.0004001371271442622,-0.9999999403953552,0.0
-89.3797607421875,-76.59983825683594,0.0,0.005735065788030624,-0.999983549118042,0.0
-89.17955780029297,-76.59770202636719,0.0,0.010631817393004894,-0.9999434351921082,0.0
-88.97936248779297,-76.5955810546875,0.0,0.010670124553143978,-0.9999430775642395,0.0
-88.77916717529297,-76.59342956542969,0.0,0.010746126063168049,-0.9999422430992126,0.0
-88.57896423339844,-76.59127807617188,0.0,0.08942002803087234,-0.995993971824646,0.0
-88.38520050048828,-76.558349609375,0.0,0.28045037388801575,-0.9598686099052429,0.0
-88.2008056640625,-76.4803466796875,0.0,0.5188052654266357,-0.8548924922943115,0.0
-88.04651641845703,-76.35282135009766,0.0,0.7619056105613708,-0.647688090801239,0.0
-87.94646453857422,-76.18167114257812,0.0,0.9174096584320068,-0.3979443609714508,0.0
-87.88969421386719,-75.9911117553711,0.0,0.9798945188522339,-0.19951637089252472,0.0
-87.8675537109375,-75.79458618164062,0.0,0.9997549653053284,0.022138139232993126,0.0
-87.89859771728516,-75.5978012084961,0.0,0.9523161053657532,0.30511295795440674,0.0
-87.98812866210938,-75.41873931884766,0.0,0.8105030655860901,0.5857343673706055,0.0
-88.12893676757812,-75.27864074707031,0.0,0.6206757426261902,0.7840674519538879,0.0
-88.29613494873047,-75.17466735839844,0.0,0.4227111339569092,0.9062644839286804,0.0
-88.485107421875,-75.1127700805664,0.0,0.18883468210697174,0.9820089340209961,0.0
-88.68490600585938,-75.10008239746094,0.0,0.044391028583049774,0.9990141987800598,0.0
-88.88495635986328,-75.09500122070312,0.0,0.012696672230958939,0.9999194145202637,0.0
-89.08515930175781,-75.09500122070312,0.0,0.0,1.0,0.0
-89.28536987304688,-75.09500122070312,0.0,0.0,1.0,0.0
-89.4855728149414,-75.09500122070312,0.0,0.0,1.0,0.0
-89.68578338623047,-75.09500122070312,0.0,0.0,1.0,0.0
-89.88599395751953,-75.09500122070312,0.0,0.0,1.0,0.0
-90.08619689941406,-75.09500122070312,0.0,0.0,1.0,0.0
-90.28640747070312,-75.09500122070312,0.0,0.0,1.0,0.0
-90.48661041259766,-75.09500122070312,0.0,-0.00028580139041878283,1.0,0.0
-90.68682098388672,-75.0951156616211,0.0,-0.0053353398106992245,0.9999857544898987,0.0
-90.88700866699219,-75.09713745117188,0.0,-0.010117428377270699,0.9999488592147827,0.0
-91.08721923828125,-75.09916687011719,0.0,-0.010117236524820328,0.9999488592147827,0.0
-91.28741455078125,-75.10118865966797,0.0,-0.010098571889102459,0.9999490976333618,0.0
-91.48760986328125,-75.10321044921875,0.0,-0.010117623955011368,0.9999488592147827,0.0
-91.68780517578125,-75.10523986816406,0.0,-0.010098379105329514,0.9999489784240723,0.0
-91.88800811767578,-75.10725402832031,0.0,-0.01007913425564766,0.9999492168426514,0.0
-92.08821105957031,-75.1092758178711,0.0,-0.010098571889102459,0.9999490976333618,0.0
-92.28839874267578,-75.11129760742188,0.0,-0.010098571889102459,0.9999490976333618,0.0
-92.48860168457031,-75.11331939697266,0.0,-0.010098571889102459,0.9999490976333618,0.0
-92.68878936767578,-75.11534118652344,0.0,-0.010155528783798218,0.9999484419822693,0.0
-92.88899993896484,-75.11738586425781,0.0,-0.010212685912847519,0.9999478459358215,0.0
-93.08918762207031,-75.11943054199219,0.0,-0.01017477922141552,0.999948263168335,0.0
-93.28939056396484,-75.1214599609375,0.0,-0.010117429308593273,0.9999488592147827,0.0
-93.48958587646484,-75.12348175048828,0.0,-0.010098378174006939,0.9999490976333618,0.0
-93.68978881835938,-75.12550354003906,0.0,-0.01007932610809803,0.9999492168426514,0.0
-93.88998413085938,-75.12751770019531,0.0,-0.01009857002645731,0.9999489784240723,0.0
-94.09017944335938,-75.12954711914062,0.0,-0.010117238387465477,0.9999488592147827,0.0
-94.29039001464844,-75.1315689086914,0.0,-0.010098379105329514,0.9999490976333618,0.0
-94.4905776977539,-75.13359069824219,0.0,-0.01007951982319355,0.9999492168426514,0.0
-94.69078063964844,-75.13560485839844,0.0,-0.00998406670987606,0.999950110912323,0.0
-94.89097595214844,-75.13758850097656,0.0,-0.009888997301459312,0.9999511241912842,0.0
-95.09117126464844,-75.13956451416016,0.0,-0.009888997301459312,0.9999511241912842,0.0
-95.29136657714844,-75.14154815673828,0.0,-0.009908049367368221,0.9999508857727051,0.0
-95.49156188964844,-75.1435317993164,0.0,-0.009888997301459312,0.9999511241912842,0.0
-95.69175720214844,-75.1455078125,0.0,-0.009888621047139168,0.9999511241912842,0.0
-95.8919677734375,-75.14749145507812,0.0,-0.009907861240208149,0.9999508857727051,0.0
-96.09215545654297,-75.14947509765625,0.0,-0.009908050298690796,0.9999508857727051,0.0
-96.2923583984375,-75.15145874023438,0.0,-0.009907672181725502,0.9999508857727051,0.0
-96.49256134033203,-75.1534423828125,0.0,-0.009907860308885574,0.9999508857727051,0.0
-96.69275665283203,-75.15542602539062,0.0,-0.009908049367368221,0.9999508857727051,0.0
-96.89295196533203,-75.15740966796875,0.0,-0.009888810105621815,0.9999511241912842,0.0
-97.09315490722656,-75.15938568115234,0.0,-0.009907861240208149,0.9999508857727051,0.0
-97.29335021972656,-75.161376953125,0.0,-0.009908237494528294,0.9999508857727051,0.0
-97.49353790283203,-75.1633529663086,0.0,-0.009888997301459312,0.9999511241912842,0.0
-97.69374084472656,-75.16533660888672,0.0,-0.00988880917429924,0.9999511241912842,0.0
-97.89393615722656,-75.16731262207031,0.0,-0.009889187291264534,0.9999511241912842,0.0
-98.09412384033203,-75.16929626464844,0.0,-0.009908050298690796,0.9999508857727051,0.0
-98.29432678222656,-75.17127990722656,0.0,-0.009907483123242855,0.9999508857727051,0.0
-98.49453735351562,-75.17326354980469,0.0,-0.009907672181725502,0.9999508857727051,0.0
-98.69473266601562,-75.17524719238281,0.0,-0.009907860308885574,0.9999508857727051,0.0
-98.89493560791016,-75.17723083496094,0.0,-0.009889373555779457,0.9999511241912842,0.0
-99.09510803222656,-75.17920684814453,0.0,-0.009889373555779457,0.9999511241912842,0.0
-99.2953109741211,-75.18119049072266,0.0,-0.009907672181725502,0.9999508857727051,0.0
-99.49551391601562,-75.18317413330078,0.0,-0.009888621047139168,0.9999511241912842,0.0
-99.69571685791016,-75.18515014648438,0.0,-0.009889000095427036,0.9999511241912842,0.0
-99.89590454101562,-75.1871337890625,0.0,-0.00992710143327713,0.9999507665634155,0.0
-100.09610748291016,-75.18912506103516,0.0,-0.00205749343149364,0.9999978542327881,0.0
-100.29629516601562,-75.18795776367188,0.0,0.012099647894501686,0.9999268651008606,0.0
-100.49646759033203,-75.18428039550781,0.0,0.018348857760429382,0.9998316764831543,0.0
-100.69664001464844,-75.18061065673828,0.0,0.010689598508179188,0.9999428391456604,0.0
-100.89683532714844,-75.18000030517578,0.0,0.001524384948424995,0.9999988675117493,0.0
-101.09703826904297,-75.18000030517578,0.0,0.0,1.0,0.0
-101.29724884033203,-75.18000030517578,0.0,0.0,1.0,0.0
-101.4974594116211,-75.18000030517578,0.0,-1.905415228975471e-05,1.0,0.0
-101.69766235351562,-75.18000793457031,0.0,0.0,1.0,0.0
-101.89786529541016,-75.18000030517578,0.0,3.810830457950942e-05,1.0,0.0
-102.09806823730469,-75.17999267578125,0.0,1.4532957059998353e-09,1.0,0.0
-102.29828643798828,-75.18000030517578,0.0,-1.9052698917221278e-05,1.0,0.0
-102.49848175048828,-75.18000030517578,0.0,0.0,1.0,0.0
-102.69869995117188,-75.18000030517578,0.0,0.0,1.0,0.0
-102.89891052246094,-75.18000030517578,0.0,0.0,1.0,0.0
-103.09911346435547,-75.18000030517578,0.0,0.0,1.0,0.0
-103.29932403564453,-75.18000030517578,0.0,0.0,1.0,0.0
-103.49951171875,-75.18000030517578,0.0,0.0,1.0,0.0
-103.69972229003906,-75.18000030517578,0.0,-0.002781979739665985,0.9999960660934448,0.0
-103.89991760253906,-75.18111419677734,0.0,-0.012022960931062698,0.9999276399612427,0.0
-104.10009765625,-75.184814453125,0.0,-0.018501587212085724,0.9998287558555603,0.0
-104.30025482177734,-75.18852233886719,0.0,0.03930027782917023,0.9992274641990662,0.0
-104.49864196777344,-75.169189453125,0.0,0.17171251773834229,0.9851471185684204,0.0
-104.68973541259766,-75.12080383300781,0.0,0.4384823143482208,0.8987398147583008,0.0
-104.8479232788086,-74.99807739257812,0.0,0.6702328324317932,0.7421508431434631,0.0
-104.9828109741211,-74.85660552978516,0.0,0.8236429691314697,0.5671087503433228,0.0
-105.06887817382812,-74.67585754394531,0.0,0.9519801139831543,0.306160032749176,0.0
-105.10340881347656,-74.48381805419922,0.0,0.9966304898262024,0.08202171325683594,0.0
-105.10066986083984,-74.28363037109375,0.0,0.9817483425140381,-0.19018445909023285,0.0
-105.02989196777344,-74.10061645507812,0.0,0.8723551630973816,-0.48887261748313904,0.0
-104.91041564941406,-73.94429016113281,0.0,0.7296099066734314,-0.6838635206222534,0.0
-104.75953674316406,-73.81268310546875,0.0,0.5707839727401733,-0.8211003541946411,0.0
-104.58406829833984,-73.71736145019531,0.0,0.3047561049461365,-0.9524304270744324,0.0
-104.38723754882812,-73.69328308105469,0.0,0.08357029408216476,-0.9965018630027771,0.0
-104.18731689453125,-73.68415832519531,0.0,0.028250833973288536,-0.999600887298584,0.0
-103.98712158203125,-73.68197631835938,0.0,0.010879483073949814,-0.9999407529830933,0.0
-103.78691864013672,-73.67980194091797,0.0,0.010860225185751915,-0.9999410510063171,0.0
-103.58671569824219,-73.67762756347656,0.0,0.010860225185751915,-0.9999410510063171,0.0
-103.38651275634766,-73.67545318603516,0.0,0.006554407998919487,-0.9999785423278809,0.0
-103.18631744384766,-73.67500305175781,0.0,0.0011242356849834323,-0.9999993443489075,0.0
-102.98611450195312,-73.67500305175781,0.0,0.0026865035761147738,-0.9999963641166687,0.0
-102.78590393066406,-73.6739273071289,0.0,0.008135896176099777,-0.9999669194221497,0.0
-102.58570861816406,-73.67174530029297,0.0,0.009793725796043873,-0.9999520778656006,0.0
-102.38551330566406,-73.67000579833984,0.0,0.004363442305475473,-0.9999904632568359,0.0
-102.185302734375,-73.66999816894531,0.0,1.9053426512982696e-05,-1.0,0.0
-101.98509216308594,-73.66999816894531,0.0,0.004877874627709389,-0.9999880194664001,0.0
-101.78489685058594,-73.66804504394531,0.0,0.010327190160751343,-0.999946653842926,0.0
-101.58470153808594,-73.66586303710938,0.0,0.010860640555620193,-0.9999409914016724,0.0
-101.38450622558594,-73.6636962890625,0.0,0.01086043193936348,-0.9999409914016724,0.0
-101.1843032836914,-73.66151428222656,0.0,0.009221792221069336,-0.9999575614929199,0.0
-100.98410034179688,-73.66000366210938,0.0,0.0037726417649537325,-0.9999929070472717,0.0
-100.78388977050781,-73.66000366210938,0.0,3.811120768659748e-05,-1.0,0.0
-100.58370208740234,-73.65998840332031,0.0,0.005487354937940836,-0.9999849200248718,0.0
-100.38349914550781,-73.65780639648438,0.0,0.010879277251660824,-0.999940812587738,0.0
-100.18329620361328,-73.65563201904297,0.0,0.007011651527136564,-0.9999754428863525,0.0
-99.98309326171875,-73.65499877929688,0.0,0.0015814886428415775,-0.9999986886978149,0.0
-99.78289031982422,-73.65499877929688,0.0,0.0022482872009277344,-0.9999974966049194,0.0
-99.58267974853516,-73.65409851074219,0.0,0.007659588009119034,-0.9999706745147705,0.0
-99.38248443603516,-73.65193176269531,0.0,0.01084138173609972,-0.9999412894248962,0.0
-99.18228149414062,-73.6497573852539,0.0,0.010860432870686054,-0.9999410510063171,0.0
-98.98208618164062,-73.6475830078125,0.0,0.010879690758883953,-0.9999407529830933,0.0
-98.78189086914062,-73.64540100097656,0.0,0.0064593032002449036,-0.9999791383743286,0.0
-98.5816879272461,-73.6449966430664,0.0,0.0010098684579133987,-0.999999463558197,0.0
-98.3814697265625,-73.6449966430664,0.0,0.002819980727508664,-0.9999960660934448,0.0
-98.18126678466797,-73.64386749267578,0.0,0.0082505252212286,-0.999966025352478,0.0
-97.9810791015625,-73.64169311523438,0.0,0.009660566225647926,-0.9999533295631409,0.0
-97.7808837890625,-73.63999938964844,0.0,0.00423006946220994,-0.9999910593032837,0.0
-97.58067321777344,-73.63999938964844,0.0,0.0,-1.0,0.0
-97.38046264648438,-73.63999938964844,0.0,0.005011626053601503,-0.9999874234199524,0.0
-97.18028259277344,-73.63799285888672,0.0,0.010441884398460388,-0.9999455213546753,0.0
-96.98008728027344,-73.63581848144531,0.0,0.03292839229106903,-0.9994577169418335,0.0
-96.78028869628906,-73.62481689453125,0.0,0.12497957795858383,-0.9921593070030212,0.0
-96.5858383178711,-73.58628845214844,0.0,0.34153228998184204,-0.9398700594902039,0.0
-96.41145324707031,-73.49068450927734,0.0,0.6271363496780396,-0.7789095640182495,0.0
-96.28276062011719,-73.34292602539062,0.0,0.8318884968757629,-0.554942786693573,0.0
-96.19438934326172,-73.16458129882812,0.0,0.9234819412231445,-0.3836420476436615,0.0
-96.12999725341797,-72.9749984741211,0.0,0.9468732476234436,-0.32160693407058716,0.0
